Designator,Footprint,Quantity,Value,LCSC Part #
"C1, C17, C2, C3, C4, C5",1206,6,0.1u,C158070
"C10, C11, C12, C13, C6, C7, C8, C9",CAP-SMD_BD6.3-L6.6-W6.6-LS7.2-R-RD,8,330u,C445482
C14,1206,1,10n,C129669
C15,1206,1,10u,C86046
D1,SOD-123F_L2.8-W1.8-LS3.7-RD,1,SOD4007,C18124
G1,LogoKabuki,1,LOGO,
J1,SCART-F_solder_pads,1,INPUT,-
J2,SCART-F_solder_pads,1,OUTPUT1,-
J3,SCART-F_solder_pads,1,OUTPUT2,-
JP1,PinHeader_1x03_P2.54mm_Vertical,1,FILTER_BYPASS,-
"R1, R10, R11, R12, R13, R14, R15, R16, R2, R3, R4, R9",0603,12,75,C427296
"R17, R18",2010,2,180,C230855
"R5, R6, R7, R8",0805,4,5.36M,C422723
U1,TSSOP-14_L5.0-W4.4-P0.65-LS6.5-BL,1,THS7374IPWR,C2652746
USB1,USB-C-SMD_10P-P1.00-L6.8-W8.9,1,USB-312,C309366
